{
    "IdMayorValor": "850a169e-1316-4a2c-8c7c-77bdf45712db",
    "valorMedio": 20501.5546875,
    "Z01valorMedio": 21708.1171875,
    "Z02valorMedio": 17772.447265625,
    "Z03valorMedio": 21319.1171875,
    "Z01cantSenAct": 18,
    "Z02cantSenAct": 18,
    "Z03cantSenAct": 19
}